seed,episode,env_name,episode_reward,moving_avg,epsilon,feasible_steps,replay_size,loss_mean
42,0,GOOD_100Mbps,107933.33,107933.33,0.9974,10,20,
42,1,MEDIUM_55Mbps,112866.67,110400.0,0.9947,10,40,
42,2,GOOD_100Mbps,88500.0,103100.0,0.9921,12,60,
42,3,MEDIUM_55Mbps,71200.0,95125.0,0.9894,8,80,
42,4,GOOD_100Mbps,118266.67,99753.33,0.9868,12,100,
42,5,MEDIUM_55Mbps,72166.67,95155.56,0.9842,7,120,
42,6,GOOD_100Mbps,159666.67,104371.43,0.9815,14,140,
42,7,MEDIUM_55Mbps,148566.67,109895.83,0.9789,13,160,
42,8,GOOD_100Mbps,94666.67,108203.7,0.9762,11,180,
42,9,MEDIUM_55Mbps,93833.33,106766.67,0.9736,10,200,0.337454
42,10,GOOD_100Mbps,128600.0,108751.52,0.971,13,220,0.209659
42,11,MEDIUM_55Mbps,113866.67,109177.78,0.9683,10,240,0.10352
42,12,GOOD_100Mbps,106133.33,108943.59,0.9657,9,260,0.103144
42,13,MEDIUM_55Mbps,176700.0,113783.33,0.9631,15,280,0.07037
42,14,GOOD_100Mbps,174333.33,117820.0,0.9604,16,300,0.070391
42,15,MEDIUM_55Mbps,106733.33,117127.08,0.9578,11,320,0.126765
42,16,GOOD_100Mbps,123000.0,117472.55,0.9551,11,340,0.062957
42,17,MEDIUM_55Mbps,137333.33,118575.93,0.9525,11,360,0.091157
42,18,GOOD_100Mbps,123500.0,118835.09,0.9499,12,380,0.08842
42,19,MEDIUM_55Mbps,176900.0,121738.33,0.9472,15,400,0.102439
42,20,GOOD_100Mbps,140500.0,123366.67,0.9446,12,420,0.111579
42,21,MEDIUM_55Mbps,114000.0,123423.33,0.9419,12,440,0.083817
42,22,GOOD_100Mbps,209766.67,129486.67,0.9393,17,460,0.124858
42,23,MEDIUM_55Mbps,93566.67,130605.0,0.9367,8,480,0.08551
42,24,GOOD_100Mbps,134800.0,131431.67,0.934,14,500,0.081946
42,25,MEDIUM_55Mbps,84566.67,132051.67,0.9314,9,520,0.115511
42,26,GOOD_100Mbps,147366.67,131436.67,0.9287,12,540,0.111347
42,27,MEDIUM_55Mbps,106466.67,129331.67,0.9261,9,560,0.088907
42,28,GOOD_100Mbps,99933.33,129595.0,0.9235,10,580,0.106894
42,29,MEDIUM_55Mbps,110666.67,130436.67,0.9208,13,600,0.108702
42,30,GOOD_100Mbps,117600.0,129886.67,0.9182,10,620,0.128832
42,31,MEDIUM_55Mbps,122500.0,130318.33,0.9156,10,640,0.148105
42,32,GOOD_100Mbps,140500.0,132036.67,0.9129,11,660,0.117828
42,33,MEDIUM_55Mbps,99166.67,128160.0,0.9103,10,680,0.136893
42,34,GOOD_100Mbps,104500.0,124668.33,0.9076,9,700,0.142248
42,35,MEDIUM_55Mbps,82766.67,123470.0,0.905,9,720,0.167891
42,36,GOOD_100Mbps,147233.33,124681.67,0.9024,14,740,0.111092
42,37,MEDIUM_55Mbps,120500.0,123840.0,0.8997,10,760,0.133149
42,38,GOOD_100Mbps,131066.67,124218.33,0.8971,13,780,0.137403
42,39,MEDIUM_55Mbps,100700.0,120408.33,0.8944,11,800,0.142777
42,40,GOOD_100Mbps,165100.0,121638.33,0.8918,13,820,0.160932
42,41,MEDIUM_55Mbps,140733.33,122975.0,0.8892,12,840,0.18013
42,42,GOOD_100Mbps,141100.0,119541.67,0.8865,13,860,0.160037
42,43,MEDIUM_55Mbps,144800.0,122103.33,0.8839,15,880,0.165256
42,44,GOOD_100Mbps,117266.67,121226.67,0.8812,12,900,0.111514
42,45,MEDIUM_55Mbps,100666.67,122031.67,0.8786,8,920,0.138874
42,46,GOOD_100Mbps,129766.67,121151.67,0.876,12,940,0.123216
42,47,MEDIUM_55Mbps,88833.33,120270.0,0.8733,7,960,0.161108
42,48,GOOD_100Mbps,197100.0,125128.33,0.8707,16,980,0.162867
42,49,MEDIUM_55Mbps,129566.67,126073.33,0.8681,10,1000,0.180518
42,50,GOOD_100Mbps,132166.67,126801.67,0.8654,12,1020,0.146441
42,51,MEDIUM_55Mbps,95266.67,125440.0,0.8628,10,1040,0.231724
42,52,GOOD_100Mbps,112966.67,124063.33,0.8601,10,1060,0.147025
42,53,MEDIUM_55Mbps,130400.0,125625.0,0.8575,11,1080,0.133405
42,54,GOOD_100Mbps,106533.33,125726.67,0.8549,10,1100,0.106009
42,55,MEDIUM_55Mbps,117666.67,127471.67,0.8522,12,1120,0.150235
42,56,GOOD_100Mbps,155733.33,127896.67,0.8496,13,1140,0.143603
42,57,MEDIUM_55Mbps,152433.33,129493.33,0.8469,16,1160,0.138811
42,58,GOOD_100Mbps,136066.67,129743.33,0.8443,12,1180,0.173872
42,59,MEDIUM_55Mbps,118566.67,130636.67,0.8417,9,1200,0.164602
42,60,GOOD_100Mbps,150400.0,129901.67,0.839,15,1220,0.181235
42,61,MEDIUM_55Mbps,189666.67,132348.33,0.8364,16,1240,0.197826
42,62,GOOD_100Mbps,123566.67,131471.67,0.8337,10,1260,0.189517
42,63,MEDIUM_55Mbps,76566.67,128060.0,0.8311,8,1280,0.225619
42,64,GOOD_100Mbps,70166.67,125705.0,0.8285,6,1300,0.182119
42,65,MEDIUM_55Mbps,125733.33,126958.33,0.8258,10,1320,0.20059
42,66,GOOD_100Mbps,148633.33,127901.67,0.8232,13,1340,0.170961
42,67,MEDIUM_55Mbps,119733.33,129446.67,0.8206,10,1360,0.191992
42,68,GOOD_100Mbps,140500.0,126616.67,0.8179,12,1380,0.187634
42,69,MEDIUM_55Mbps,181666.67,129221.67,0.8153,15,1400,0.217759
42,70,GOOD_100Mbps,159133.33,130570.0,0.8126,13,1420,0.165883
42,71,MEDIUM_55Mbps,123933.33,132003.33,0.81,11,1440,0.16186
42,72,GOOD_100Mbps,182333.33,135471.67,0.8074,14,1460,0.202525
42,73,MEDIUM_55Mbps,142666.67,136085.0,0.8047,12,1480,0.150797
42,74,GOOD_100Mbps,104666.67,135991.67,0.8021,8,1500,0.141189
42,75,MEDIUM_55Mbps,147566.67,137486.67,0.7994,13,1520,0.262872
42,76,GOOD_100Mbps,135500.0,136475.0,0.7968,12,1540,0.250363
42,77,MEDIUM_55Mbps,130100.0,135358.33,0.7942,12,1560,0.20138
42,78,GOOD_100Mbps,114133.33,134261.67,0.7915,11,1580,0.230929
42,79,MEDIUM_55Mbps,123800.0,134523.33,0.7889,10,1600,0.249091
42,80,GOOD_100Mbps,142733.33,134140.0,0.7863,11,1620,0.230668
42,81,MEDIUM_55Mbps,136800.0,131496.67,0.7836,14,1640,0.23606
42,82,GOOD_100Mbps,139600.0,132298.33,0.781,12,1660,0.207803
42,83,MEDIUM_55Mbps,142733.33,135606.67,0.7783,11,1680,0.226141
42,84,GOOD_100Mbps,187366.67,141466.67,0.7757,16,1700,0.213833
42,85,MEDIUM_55Mbps,159300.0,143145.0,0.7731,12,1720,0.264101
42,86,GOOD_100Mbps,90066.67,140216.67,0.7704,8,1740,0.212894
42,87,MEDIUM_55Mbps,146700.0,141565.0,0.7678,14,1760,0.218705
42,88,GOOD_100Mbps,154866.67,142283.33,0.7651,12,1780,0.260368
42,89,MEDIUM_55Mbps,142500.0,140325.0,0.7625,13,1800,0.241616
42,90,GOOD_100Mbps,76666.67,136201.67,0.7599,8,1820,0.233094
42,91,MEDIUM_55Mbps,133866.67,136698.33,0.7572,12,1840,0.242805
42,92,GOOD_100Mbps,125666.67,133865.0,0.7546,10,1860,0.234092
42,93,MEDIUM_55Mbps,126400.0,133051.67,0.7519,10,1880,0.226449
42,94,GOOD_100Mbps,145033.33,135070.0,0.7493,15,1900,0.361908
42,95,MEDIUM_55Mbps,61733.33,130778.33,0.7467,6,1920,0.27246
42,96,GOOD_100Mbps,124466.67,130226.67,0.744,12,1940,0.186889
42,97,MEDIUM_55Mbps,72666.67,127355.0,0.7414,6,1960,0.182396
42,98,GOOD_100Mbps,57666.67,124531.67,0.7388,5,1980,0.173713
42,99,MEDIUM_55Mbps,120166.67,124350.0,0.7361,10,2000,0.217987
42,100,GOOD_100Mbps,65400.0,120483.33,0.7335,6,2020,0.190136
42,101,MEDIUM_55Mbps,160166.67,121651.67,0.7308,15,2040,0.16456
42,102,GOOD_100Mbps,142600.0,121801.67,0.7282,11,2060,0.142437
42,103,MEDIUM_55Mbps,167566.67,123043.33,0.7256,15,2080,0.194901
42,104,GOOD_100Mbps,123200.0,119835.0,0.7229,11,2100,0.199625
42,105,MEDIUM_55Mbps,141933.33,118966.67,0.7203,13,2120,0.283359
42,106,GOOD_100Mbps,136400.0,121283.33,0.7176,11,2140,0.197592
42,107,MEDIUM_55Mbps,106900.0,119293.33,0.715,11,2160,0.191759
42,108,GOOD_100Mbps,120400.0,117570.0,0.7124,10,2180,0.19996
42,109,MEDIUM_55Mbps,142633.33,117576.67,0.7097,12,2200,0.208766
42,110,GOOD_100Mbps,149500.0,121218.33,0.7071,13,2220,0.183524
42,111,MEDIUM_55Mbps,113833.33,120216.67,0.7044,9,2240,0.234657
42,112,GOOD_100Mbps,126633.33,120265.0,0.7018,11,2260,0.200605
42,113,MEDIUM_55Mbps,136433.33,120766.67,0.6992,12,2280,0.190131
42,114,GOOD_100Mbps,149966.67,121013.33,0.6965,14,2300,0.210947
42,115,MEDIUM_55Mbps,124100.0,124131.67,0.6939,10,2320,0.242732
42,116,GOOD_100Mbps,112733.33,123545.0,0.6913,10,2340,0.225304
42,117,MEDIUM_55Mbps,82433.33,124033.33,0.6886,9,2360,0.211632
42,118,GOOD_100Mbps,107266.67,126513.33,0.686,8,2380,0.301004
42,119,MEDIUM_55Mbps,113500.0,126180.0,0.6833,9,2400,0.219585
42,120,GOOD_100Mbps,125666.67,129193.33,0.6807,12,2420,0.222119
42,121,MEDIUM_55Mbps,149233.33,128646.67,0.6781,13,2440,0.251589
42,122,GOOD_100Mbps,161733.33,129603.33,0.6754,12,2460,0.203384
42,123,MEDIUM_55Mbps,156133.33,129031.67,0.6728,15,2480,0.211371
42,124,GOOD_100Mbps,179366.67,131840.0,0.6701,16,2500,0.187181
42,125,MEDIUM_55Mbps,84166.67,128951.67,0.6675,11,2520,0.167682
42,126,GOOD_100Mbps,160733.33,130168.33,0.6649,14,2540,0.274009
42,127,MEDIUM_55Mbps,154500.0,132548.33,0.6622,13,2560,0.20212
42,128,GOOD_100Mbps,157666.67,134411.67,0.6596,12,2580,0.221275
42,129,MEDIUM_55Mbps,118733.33,133216.67,0.6569,12,2600,0.159243
42,130,GOOD_100Mbps,205500.0,136016.67,0.6543,18,2620,0.190435
42,131,MEDIUM_55Mbps,123933.33,136521.67,0.6517,12,2640,0.162841
42,132,GOOD_100Mbps,135866.67,136983.33,0.649,12,2660,0.193492
42,133,MEDIUM_55Mbps,136100.0,136966.67,0.6464,12,2680,0.222078
42,134,GOOD_100Mbps,146900.0,136813.33,0.6438,12,2700,0.225632
42,135,MEDIUM_55Mbps,139733.33,137595.0,0.6411,11,2720,0.174791
42,136,GOOD_100Mbps,171333.33,140525.0,0.6385,15,2740,0.182712
42,137,MEDIUM_55Mbps,134133.33,143110.0,0.6358,11,2760,0.246165
42,138,GOOD_100Mbps,171666.67,146330.0,0.6332,16,2780,0.259943
42,139,MEDIUM_55Mbps,168900.0,149100.0,0.6306,14,2800,0.243151
42,140,GOOD_100Mbps,151733.33,150403.33,0.6279,13,2820,0.212872
42,141,MEDIUM_55Mbps,131800.0,149531.67,0.6253,12,2840,0.268165
42,142,GOOD_100Mbps,167233.33,149806.67,0.6226,15,2860,0.178274
42,143,MEDIUM_55Mbps,124666.67,148233.33,0.62,11,2880,0.203558
42,144,GOOD_100Mbps,155000.0,147015.0,0.6174,13,2900,0.218118
42,145,MEDIUM_55Mbps,71800.0,146396.67,0.6147,7,2920,0.223141
42,146,GOOD_100Mbps,118500.0,144285.0,0.6121,10,2940,0.217287
42,147,MEDIUM_55Mbps,130900.0,143105.0,0.6094,11,2960,0.232635
42,148,GOOD_100Mbps,145366.67,142490.0,0.6068,14,2980,0.248694
42,149,MEDIUM_55Mbps,137300.0,143418.33,0.6042,11,3000,0.279548
42,150,GOOD_100Mbps,172766.67,141781.67,0.6015,14,3020,0.198632
42,151,MEDIUM_55Mbps,112500.0,141210.0,0.5989,12,3040,0.22267
42,152,GOOD_100Mbps,118500.0,140341.67,0.5962,10,3060,0.255383
42,153,MEDIUM_55Mbps,95333.33,138303.33,0.5936,11,3080,0.215988
42,154,GOOD_100Mbps,181066.67,140011.67,0.591,16,3100,0.280905
42,155,MEDIUM_55Mbps,222966.67,144173.33,0.5883,18,3120,0.241948
42,156,GOOD_100Mbps,130133.33,142113.33,0.5857,13,3140,0.178006
42,157,MEDIUM_55Mbps,138033.33,142308.33,0.5831,11,3160,0.219092
42,158,GOOD_100Mbps,129900.0,140220.0,0.5804,13,3180,0.260187
42,159,MEDIUM_55Mbps,162666.67,139908.33,0.5778,12,3200,0.29178
42,160,GOOD_100Mbps,147833.33,139713.33,0.5751,13,3220,0.179105
42,161,MEDIUM_55Mbps,162666.67,141256.67,0.5725,17,3240,0.269092
42,162,GOOD_100Mbps,133033.33,139546.67,0.5699,11,3260,0.172041
42,163,MEDIUM_55Mbps,200966.67,143361.67,0.5672,16,3280,0.172765
42,164,GOOD_100Mbps,190466.67,145135.0,0.5646,16,3300,0.260258
42,165,MEDIUM_55Mbps,108300.0,146960.0,0.5619,10,3320,0.209797
42,166,GOOD_100Mbps,104766.67,146273.33,0.5593,9,3340,0.209486
42,167,MEDIUM_55Mbps,162033.33,147830.0,0.5567,13,3360,0.202983
42,168,GOOD_100Mbps,177433.33,149433.33,0.554,14,3380,0.19482
42,169,MEDIUM_55Mbps,163433.33,150740.0,0.5514,14,3400,0.218012
42,170,GOOD_100Mbps,123166.67,148260.0,0.5488,11,3420,0.175238
42,171,MEDIUM_55Mbps,137166.67,149493.33,0.5461,12,3440,0.259187
42,172,GOOD_100Mbps,172066.67,152171.67,0.5435,14,3460,0.192031
42,173,MEDIUM_55Mbps,146500.0,154730.0,0.5408,13,3480,0.190326
42,174,GOOD_100Mbps,209633.33,156158.33,0.5382,17,3500,0.228163
42,175,MEDIUM_55Mbps,100666.67,150043.33,0.5356,9,3520,0.187884
42,176,GOOD_100Mbps,159500.0,151511.67,0.5329,14,3540,0.1767
42,177,MEDIUM_55Mbps,130933.33,151156.67,0.5303,11,3560,0.206282
42,178,GOOD_100Mbps,104100.0,149866.67,0.5276,8,3580,0.23803
42,179,MEDIUM_55Mbps,130666.67,148266.67,0.525,10,3600,0.267011
42,180,GOOD_100Mbps,137500.0,147750.0,0.5224,14,3620,0.187493
42,181,MEDIUM_55Mbps,148466.67,147040.0,0.5197,13,3640,0.231828
42,182,GOOD_100Mbps,98666.67,145321.67,0.5171,8,3660,0.204532
42,183,MEDIUM_55Mbps,136700.0,142108.33,0.5144,12,3680,0.179767
42,184,GOOD_100Mbps,110333.33,138101.67,0.5118,8,3700,0.199286
42,185,MEDIUM_55Mbps,185266.67,141950.0,0.5092,15,3720,0.245873
42,186,GOOD_100Mbps,187833.33,146103.33,0.5065,15,3740,0.183804
42,187,MEDIUM_55Mbps,153500.0,145676.67,0.5039,14,3760,0.297657
42,188,GOOD_100Mbps,160466.67,144828.33,0.5012,13,3780,0.257338
42,189,MEDIUM_55Mbps,197900.0,146551.67,0.4986,16,3800,0.27458
42,190,GOOD_100Mbps,176266.67,149206.67,0.496,15,3820,0.212913
42,191,MEDIUM_55Mbps,172900.0,150993.33,0.4933,14,3840,0.236126
42,192,GOOD_100Mbps,123833.33,148581.67,0.4907,11,3860,0.238924
42,193,MEDIUM_55Mbps,141800.0,148346.67,0.4881,12,3880,0.224067
42,194,GOOD_100Mbps,140500.0,144890.0,0.4854,11,3900,0.228925
42,195,MEDIUM_55Mbps,205766.67,150145.0,0.4828,17,3920,0.24034
42,196,GOOD_100Mbps,98733.33,147106.67,0.4801,8,3940,0.214797
42,197,MEDIUM_55Mbps,120700.0,146595.0,0.4775,11,3960,0.229142
42,198,GOOD_100Mbps,182000.0,150490.0,0.4749,15,3980,0.295462
42,199,MEDIUM_55Mbps,165666.67,152240.0,0.4722,15,4000,0.209386
42,200,GOOD_100Mbps,110066.67,150868.33,0.4696,9,4020,0.278636
42,201,MEDIUM_55Mbps,174333.33,152161.67,0.4669,14,4040,0.228991
42,202,GOOD_100Mbps,87500.0,151603.33,0.4643,8,4060,0.219114
42,203,MEDIUM_55Mbps,84766.67,149006.67,0.4617,7,4080,0.235797
42,204,GOOD_100Mbps,83133.33,147646.67,0.459,10,4100,0.210735
42,205,MEDIUM_55Mbps,194733.33,148120.0,0.4564,16,4120,0.242764
42,206,GOOD_100Mbps,182300.0,147843.33,0.4538,16,4140,0.218173
42,207,MEDIUM_55Mbps,130000.0,146668.33,0.4511,12,4160,0.20053
42,208,GOOD_100Mbps,186966.67,147993.33,0.4485,15,4180,0.231336
42,209,MEDIUM_55Mbps,130200.0,144608.33,0.4458,11,4200,0.19152
42,210,GOOD_100Mbps,93666.67,140478.33,0.4432,7,4220,0.277024
42,211,MEDIUM_55Mbps,171333.33,140400.0,0.4406,14,4240,0.240715
42,212,GOOD_100Mbps,124066.67,140411.67,0.4379,12,4260,0.265987
42,213,MEDIUM_55Mbps,106500.0,138646.67,0.4353,9,4280,0.241794
42,214,GOOD_100Mbps,112366.67,137240.0,0.4326,11,4300,0.229725
42,215,MEDIUM_55Mbps,212800.0,137591.67,0.43,18,4320,0.220629
42,216,GOOD_100Mbps,99566.67,137633.33,0.4274,9,4340,0.231149
42,217,MEDIUM_55Mbps,131233.33,138160.0,0.4247,12,4360,0.201641
42,218,GOOD_100Mbps,94366.67,133778.33,0.4221,9,4380,0.24144
42,219,MEDIUM_55Mbps,139000.0,132445.0,0.4194,11,4400,0.241041
42,220,GOOD_100Mbps,99433.33,131913.33,0.4168,10,4420,0.233607
42,221,MEDIUM_55Mbps,131166.67,129755.0,0.4142,11,4440,0.260785
42,222,GOOD_100Mbps,186633.33,134711.67,0.4115,15,4460,0.251
42,223,MEDIUM_55Mbps,142666.67,137606.67,0.4089,12,4480,0.272657
42,224,GOOD_100Mbps,162166.67,141558.33,0.4062,14,4500,0.230442
42,225,MEDIUM_55Mbps,120800.0,137861.67,0.4036,11,4520,0.176655
42,226,GOOD_100Mbps,116833.33,134588.33,0.401,10,4540,0.238907
42,227,MEDIUM_55Mbps,176100.0,136893.33,0.3983,15,4560,0.194225
42,228,GOOD_100Mbps,171333.33,136111.67,0.3957,14,4580,0.200746
42,229,MEDIUM_55Mbps,106566.67,134930.0,0.3931,10,4600,0.234653
42,230,GOOD_100Mbps,153833.33,137938.33,0.3904,14,4620,0.230845
42,231,MEDIUM_55Mbps,147666.67,136755.0,0.3878,14,4640,0.222756
42,232,GOOD_100Mbps,137600.0,137431.67,0.3851,12,4660,0.168208
42,233,MEDIUM_55Mbps,159000.0,140056.67,0.3825,13,4680,0.185461
42,234,GOOD_100Mbps,148133.33,141845.0,0.3799,12,4700,0.207802
42,235,MEDIUM_55Mbps,119333.33,137171.67,0.3772,10,4720,0.21598
42,236,GOOD_100Mbps,212766.67,142831.67,0.3746,17,4740,0.228675
42,237,MEDIUM_55Mbps,167100.0,144625.0,0.3719,14,4760,0.182323
42,238,GOOD_100Mbps,130233.33,146418.33,0.3693,12,4780,0.20445
42,239,MEDIUM_55Mbps,142500.0,146593.33,0.3667,13,4800,0.202744
42,240,GOOD_100Mbps,173866.67,150315.0,0.364,15,4820,0.198168
42,241,MEDIUM_55Mbps,187666.67,153140.0,0.3614,16,4840,0.181423
42,242,GOOD_100Mbps,182166.67,152916.67,0.3588,15,4860,0.171271
42,243,MEDIUM_55Mbps,129666.67,152266.67,0.3561,12,4880,0.209409
42,244,GOOD_100Mbps,152366.67,151776.67,0.3535,12,4900,0.171993
42,245,MEDIUM_55Mbps,176666.67,154570.0,0.3508,15,4920,0.191158
42,246,GOOD_100Mbps,187933.33,158125.0,0.3482,15,4940,0.20288
42,247,MEDIUM_55Mbps,147233.33,156681.67,0.3456,12,4960,0.169294
42,248,GOOD_100Mbps,223866.67,159308.33,0.3429,18,4980,0.170115
42,249,MEDIUM_55Mbps,191266.67,163543.33,0.3403,16,5000,0.214618
42,250,GOOD_100Mbps,134833.33,162593.33,0.3376,11,5020,0.197267
42,251,MEDIUM_55Mbps,167466.67,163583.33,0.335,14,5040,0.194872
42,252,GOOD_100Mbps,122833.33,162845.0,0.3324,12,5060,0.136627
42,253,MEDIUM_55Mbps,140266.67,161908.33,0.3297,13,5080,0.171495
42,254,GOOD_100Mbps,88000.0,158901.67,0.3271,7,5100,0.199522
42,255,MEDIUM_55Mbps,171166.67,161493.33,0.3244,14,5120,0.190589
42,256,GOOD_100Mbps,174333.33,159571.67,0.3218,14,5140,0.175856
42,257,MEDIUM_55Mbps,203466.67,161390.0,0.3192,18,5160,0.189591
42,258,GOOD_100Mbps,155766.67,162666.67,0.3165,13,5180,0.172795
42,259,MEDIUM_55Mbps,213166.67,166200.0,0.3139,18,5200,0.181445
42,260,GOOD_100Mbps,100333.33,162523.33,0.3113,9,5220,0.282944
42,261,MEDIUM_55Mbps,179166.67,162098.33,0.3086,16,5240,0.215938
42,262,GOOD_100Mbps,110033.33,158491.67,0.306,9,5260,0.206611
42,263,MEDIUM_55Mbps,129333.33,158475.0,0.3033,11,5280,0.156675
42,264,GOOD_100Mbps,176400.0,159676.67,0.3007,16,5300,0.259804
42,265,MEDIUM_55Mbps,94500.0,155568.33,0.2981,9,5320,0.206573
42,266,GOOD_100Mbps,154666.67,153905.0,0.2954,15,5340,0.27413
42,267,MEDIUM_55Mbps,147133.33,153900.0,0.2928,12,5360,0.206479
42,268,GOOD_100Mbps,174833.33,151448.33,0.2901,14,5380,0.171038
42,269,MEDIUM_55Mbps,194800.0,151625.0,0.2875,17,5400,0.181483
42,270,GOOD_100Mbps,180500.0,153908.33,0.2849,16,5420,0.196979
42,271,MEDIUM_55Mbps,176933.33,154381.67,0.2822,14,5440,0.217123
42,272,GOOD_100Mbps,141300.0,155305.0,0.2796,12,5460,0.200245
42,273,MEDIUM_55Mbps,153166.67,155950.0,0.2769,13,5480,0.222003
42,274,GOOD_100Mbps,146100.0,158855.0,0.2743,11,5500,0.226295
42,275,MEDIUM_55Mbps,175666.67,159080.0,0.2717,16,5520,0.268406
42,276,GOOD_100Mbps,166933.33,158710.0,0.269,14,5540,0.263292
42,277,MEDIUM_55Mbps,152233.33,156148.33,0.2664,13,5560,0.205748
42,278,GOOD_100Mbps,111900.0,153955.0,0.2638,10,5580,0.255763
42,279,MEDIUM_55Mbps,117066.67,149150.0,0.2611,11,5600,0.246359
42,280,GOOD_100Mbps,176100.0,152938.33,0.2585,15,5620,0.278748
42,281,MEDIUM_55Mbps,158133.33,151886.67,0.2558,13,5640,0.260499
42,282,GOOD_100Mbps,153066.67,154038.33,0.2532,13,5660,0.241505
42,283,MEDIUM_55Mbps,170766.67,156110.0,0.2506,14,5680,0.252488
42,284,GOOD_100Mbps,128533.33,153716.67,0.2479,11,5700,0.227685
42,285,MEDIUM_55Mbps,108300.0,154406.67,0.2453,9,5720,0.228953
42,286,GOOD_100Mbps,117000.0,152523.33,0.2426,11,5740,0.276104
42,287,MEDIUM_55Mbps,154500.0,152891.67,0.24,14,5760,0.201779
42,288,GOOD_100Mbps,151600.0,151730.0,0.2374,12,5780,0.185159
42,289,MEDIUM_55Mbps,83333.33,146156.67,0.2347,7,5800,0.197495
42,290,GOOD_100Mbps,197966.67,147030.0,0.2321,17,5820,0.190893
42,291,MEDIUM_55Mbps,168500.0,146608.33,0.2294,14,5840,0.232761
42,292,GOOD_100Mbps,193333.33,149210.0,0.2268,16,5860,0.178079
42,293,MEDIUM_55Mbps,178933.33,150498.33,0.2242,15,5880,0.260456
42,294,GOOD_100Mbps,160500.0,151218.33,0.2215,13,5900,0.212644
42,295,MEDIUM_55Mbps,129433.33,148906.67,0.2189,11,5920,0.288352
42,296,GOOD_100Mbps,198500.0,150485.0,0.2163,16,5940,0.306649
42,297,MEDIUM_55Mbps,180566.67,151901.67,0.2136,15,5960,0.236895
42,298,GOOD_100Mbps,194666.67,156040.0,0.211,16,5980,0.219965
42,299,MEDIUM_55Mbps,168000.0,158586.67,0.2083,14,6000,0.214635
42,300,GOOD_100Mbps,160733.33,157818.33,0.2057,13,6020,0.231018
42,301,MEDIUM_55Mbps,170600.0,158441.67,0.2031,14,6040,0.202435
42,302,GOOD_100Mbps,134333.33,157505.0,0.2004,12,6060,0.212294
42,303,MEDIUM_55Mbps,94666.67,153700.0,0.1978,9,6080,0.219721
42,304,GOOD_100Mbps,183466.67,156446.67,0.1951,16,6100,0.222645
42,305,MEDIUM_55Mbps,199366.67,161000.0,0.1925,18,6120,0.205243
42,306,GOOD_100Mbps,145766.67,162438.33,0.1899,12,6140,0.252462
42,307,MEDIUM_55Mbps,153233.33,162375.0,0.1872,13,6160,0.249424
42,308,GOOD_100Mbps,194266.67,164508.33,0.1846,16,6180,0.23399
42,309,MEDIUM_55Mbps,155233.33,168103.33,0.1819,13,6200,0.227255
42,310,GOOD_100Mbps,152266.67,165818.33,0.1793,12,6220,0.224425
42,311,MEDIUM_55Mbps,158500.0,165318.33,0.1767,13,6240,0.20416
42,312,GOOD_100Mbps,131800.0,162241.67,0.174,12,6260,0.166992
42,313,MEDIUM_55Mbps,93666.67,157978.33,0.1714,9,6280,0.218916
42,314,GOOD_100Mbps,151333.33,157520.0,0.1688,14,6300,0.223985
42,315,MEDIUM_55Mbps,163500.0,159223.33,0.1661,14,6320,0.203485
42,316,GOOD_100Mbps,133833.33,155990.0,0.1635,12,6340,0.196644
42,317,MEDIUM_55Mbps,118966.67,152910.0,0.1608,10,6360,0.2107
42,318,GOOD_100Mbps,139266.67,150140.0,0.1582,11,6380,0.210995
42,319,MEDIUM_55Mbps,81666.67,145823.33,0.1556,7,6400,0.194493
42,320,GOOD_100Mbps,122333.33,143903.33,0.1529,10,6420,0.217412
42,321,MEDIUM_55Mbps,144666.67,142606.67,0.1503,13,6440,0.203055
42,322,GOOD_100Mbps,161500.0,143965.0,0.1476,13,6460,0.196334
42,323,MEDIUM_55Mbps,119333.33,145198.33,0.145,10,6480,0.215892
42,324,GOOD_100Mbps,166933.33,144371.67,0.1424,13,6500,0.201491
42,325,MEDIUM_55Mbps,129666.67,140886.67,0.1397,11,6520,0.187193
42,326,GOOD_100Mbps,163766.67,141786.67,0.1371,14,6540,0.259982
42,327,MEDIUM_55Mbps,143166.67,141283.33,0.1344,13,6560,0.296513
42,328,GOOD_100Mbps,193000.0,141220.0,0.1318,16,6580,0.27634
42,329,MEDIUM_55Mbps,143400.0,140628.33,0.1292,12,6600,0.288227
42,330,GOOD_100Mbps,185766.67,142303.33,0.1265,15,6620,0.219823
42,331,MEDIUM_55Mbps,202033.33,144480.0,0.1239,18,6640,0.241121
42,332,GOOD_100Mbps,142733.33,145026.67,0.1212,13,6660,0.221363
42,333,MEDIUM_55Mbps,165333.33,148610.0,0.1186,14,6680,0.277789
42,334,GOOD_100Mbps,144833.33,148285.0,0.116,12,6700,0.301916
42,335,MEDIUM_55Mbps,199333.33,150076.67,0.1133,18,6720,0.239467
42,336,GOOD_100Mbps,185000.0,152635.0,0.1107,14,6740,0.228015
42,337,MEDIUM_55Mbps,188733.33,156123.33,0.1081,16,6760,0.186093
42,338,GOOD_100Mbps,221066.67,160213.33,0.1054,18,6780,0.223307
42,339,MEDIUM_55Mbps,176600.0,164960.0,0.1028,15,6800,0.217505
42,340,GOOD_100Mbps,193000.0,168493.33,0.1001,16,6820,0.197201
42,341,MEDIUM_55Mbps,194666.67,170993.33,0.0975,16,6840,0.227799
42,342,GOOD_100Mbps,182000.0,172018.33,0.0949,15,6860,0.247818
42,343,MEDIUM_55Mbps,190333.33,175568.33,0.0922,16,6880,0.266204
42,344,GOOD_100Mbps,194866.67,176965.0,0.0896,16,6900,0.229436
42,345,MEDIUM_55Mbps,190933.33,180028.33,0.0869,16,6920,0.169694
42,346,GOOD_100Mbps,204833.33,182081.67,0.0843,17,6940,0.223224
42,347,MEDIUM_55Mbps,140266.67,181936.67,0.0817,12,6960,0.241103
42,348,GOOD_100Mbps,193666.67,181970.0,0.079,16,6980,0.233672
42,349,MEDIUM_55Mbps,184900.0,184045.0,0.0764,15,7000,0.185493
42,350,GOOD_100Mbps,163500.0,182931.67,0.0738,13,7020,0.208432
42,351,MEDIUM_55Mbps,191166.67,182388.33,0.0711,16,7040,0.186804
42,352,GOOD_100Mbps,182666.67,184385.0,0.0685,15,7060,0.188897
42,353,MEDIUM_55Mbps,164566.67,184346.67,0.0658,14,7080,0.199398
42,354,GOOD_100Mbps,179833.33,186096.67,0.0632,14,7100,0.18744
42,355,MEDIUM_55Mbps,123000.0,182280.0,0.0606,10,7120,0.219605
42,356,GOOD_100Mbps,217733.33,183916.67,0.0579,17,7140,0.283532
42,357,MEDIUM_55Mbps,166233.33,182791.67,0.0553,14,7160,0.185383
42,358,GOOD_100Mbps,159633.33,179720.0,0.0526,13,7180,0.235598
42,359,MEDIUM_55Mbps,165666.67,179173.33,0.05,14,7200,0.250496
42,360,GOOD_100Mbps,213566.67,180201.67,0.05,18,7220,0.198507
42,361,MEDIUM_55Mbps,144333.33,177685.0,0.05,12,7240,0.227975
42,362,GOOD_100Mbps,116500.0,174410.0,0.05,9,7260,0.217681
42,363,MEDIUM_55Mbps,106500.0,170218.33,0.05,9,7280,0.266914
42,364,GOOD_100Mbps,182166.67,169583.33,0.05,15,7300,0.27175
42,365,MEDIUM_55Mbps,191233.33,169598.33,0.05,16,7320,0.311401
42,366,GOOD_100Mbps,195666.67,169140.0,0.05,16,7340,0.262018
42,367,MEDIUM_55Mbps,177666.67,171010.0,0.05,15,7360,0.212037
42,368,GOOD_100Mbps,216000.0,172126.67,0.05,17,7380,0.183784
42,369,MEDIUM_55Mbps,131833.33,169473.33,0.05,11,7400,0.24356
42,370,GOOD_100Mbps,125666.67,167581.67,0.05,10,7420,0.242317
42,371,MEDIUM_55Mbps,141266.67,165086.67,0.05,12,7440,0.213162
42,372,GOOD_100Mbps,182833.33,165095.0,0.05,15,7460,0.231578
42,373,MEDIUM_55Mbps,143566.67,164045.0,0.05,13,7480,0.216633
42,374,GOOD_100Mbps,164733.33,163290.0,0.05,14,7500,0.252191
42,375,MEDIUM_55Mbps,179833.33,166131.67,0.05,15,7520,0.207139
42,376,GOOD_100Mbps,144166.67,162453.33,0.05,12,7540,0.232078
42,377,MEDIUM_55Mbps,84666.67,158375.0,0.05,7,7560,0.20227
42,378,GOOD_100Mbps,151766.67,157981.67,0.05,13,7580,0.175995
42,379,MEDIUM_55Mbps,120633.33,155730.0,0.05,10,7600,0.211937
42,380,GOOD_100Mbps,184666.67,154285.0,0.05,15,7620,0.239184
42,381,MEDIUM_55Mbps,112500.0,152693.33,0.05,9,7640,0.260339
42,382,GOOD_100Mbps,192833.33,156510.0,0.05,16,7660,0.233022
42,383,MEDIUM_55Mbps,130066.67,157688.33,0.05,11,7680,0.26027
42,384,GOOD_100Mbps,171566.67,157158.33,0.05,14,7700,0.243816
42,385,MEDIUM_55Mbps,190466.67,157120.0,0.05,16,7720,0.268794
42,386,GOOD_100Mbps,171500.0,155911.67,0.05,14,7740,0.314955
42,387,MEDIUM_55Mbps,179333.33,155995.0,0.05,15,7760,0.244948
42,388,GOOD_100Mbps,137233.33,152056.67,0.05,11,7780,0.230006
42,389,MEDIUM_55Mbps,123500.0,151640.0,0.05,10,7800,0.187857
42,390,GOOD_100Mbps,195233.33,155118.33,0.05,15,7820,0.180737
42,391,MEDIUM_55Mbps,193666.67,157738.33,0.05,16,7840,0.190392
42,392,GOOD_100Mbps,193500.0,158271.67,0.05,15,7860,0.174083
42,393,MEDIUM_55Mbps,201166.67,161151.67,0.05,17,7880,0.206966
42,394,GOOD_100Mbps,165233.33,161176.67,0.05,13,7900,0.198501
42,395,MEDIUM_55Mbps,130900.0,158730.0,0.05,11,7920,0.184354
42,396,GOOD_100Mbps,179333.33,160488.33,0.05,14,7940,0.212829
42,397,MEDIUM_55Mbps,60000.0,159255.0,0.05,5,7960,0.245863
42,398,GOOD_100Mbps,145666.67,158950.0,0.05,11,7980,0.265184
42,399,MEDIUM_55Mbps,160000.0,160918.33,0.05,13,8000,0.243559
