concept,liu_source,liu_definition,implementation_file,implementation_symbol,validation_experiment,fidelity_classification,notes
Eq1_throughput_objective,Eq. 1,Omega(S_B chi) = floor(S_B/chi)/T_I [TPS],src/Simulator/Liu/ReferenceCore.py,reference_throughput_objective,controlled_full_summary.json — agrees on global optimum LIU_QUORUM S_B=3.4/T_I=1.0 or S_B=6.8/T_I=2.0 Omega=17000,PAPER_EXACT,Pure analytical formula; chi=200B from Table I; no DES runtime required
Eq2_stake_gini,Eq. 2,G(Upsilon) = sum_i sum_j |Y_i - Y_j| / (2K sum_i Y_i),src/Simulator/Utils/DecentralizationMetrics.py,canonical_pairwise_gini,validator_selection_verification.json — 384/435 C1-valid (stake gini <= 0.20); 51 C1-invalid,PAPER_EXACT,Pairwise formula implemented verbatim; verified against expected 384/51 split
Eq3_geo_gini_integral,Eq. 3,G(lambda) = integral_Xi integral_Xi |lambda(x)-lambda(y)| dy dx / (2K),src/Simulator/Liu/ContinuousSpatial.py,geographic_gini_eq3,geo_gini=0.1000 constant for all 435 validator sets at N=30/K=28,PAPER_EXACT integral; OUR_RECONSTRUCTION for lambda(x),Integral form is PAPER_EXACT; spatial intensity lambda(x) not specified by Liu — planar gradient model used
Eq4_C1_stake_constraint,Eq. 4,C1 stake: G(Upsilon) <= eta_s (eta_s = 0.2),src/Simulator/Liu/ReferenceCore.py,paper_stake_gini; eta_s=0.2,controlled sweep C1 evaluation all 2400 actions; 384/51 validator split,PAPER_EXACT,eta_s=0.2 from Table I; applied over K selected validators
Eq5_C1_geo_constraint,Eq. 5,C1 geo: G(lambda) <= eta_l (eta_l = 0.3),src/Simulator/Liu/ReferenceCore.py,geographic_gini_eq3; eta_l=0.3,geo_gini=0.1000 for all 435 sets — always passes eta_l=0.3,PAPER_EXACT,eta_l=0.3 from Table I; C1 validity at N=30/K=28 entirely determined by stake gini
Eq6_finality_time,Eq. 6,T_F_delta = T_I + T_C_delta,src/Simulator/Liu/ReferenceCore.py; src/Simulator/Liu/LiuRuntime/ ,reference_consensus; _run_to_height,controlled_full_summary.json — paper_pass ∧ DES_fail = 0 (2400 evaluations),PAPER_EXACT formula; DES_OPERATIONAL_REALIZATION for T_C_DES measurement,Both analytical and DES compute T_F; ProtocolFinalityRecord marks end of T_C_DES
Eq7_consensus_latency_decomposition,Eq. 7,T_C_delta = T_D_delta + T_V_delta (delivery + validation),src/Simulator/Liu/AnalyticalPBFT.py; src/Simulator/Liu/AnalyticalZyzzyva.py; src/Simulator/Liu/AnalyticalQuorum.py,evaluate (analytical); _run_to_height (DES),controlled_full_summary.json — per-protocol DES vs analytical C2 agreement,PAPER_EXACT structure; protocol-specific formulas from Appendix B,T_D and T_V computed separately and summed; Appendix B Eq. 15 region (PBFT); Eq. 16-17 (Zyzzyva); Quorum derived
Eq8_C2_finality_constraint,Eq. 8,C2: T_F_delta <= omega * T_I (omega=6 from Table I),src/Simulator/Liu/ReferenceCore.py,_check_c2; boundary_time + omega*T_I,controlled_full_summary.json — paper_pass ∧ DES_fail = 0; paper_fail ∧ DES_pass = 79 (all PBFT M-mismatch),PAPER_EXACT,omega=6 from Table I; DES two-height bootstrap measures T_C_DES; C2DeadlineExceeded event is authoritative Liu C2 failure
Eq9_C3_fault_tolerance,Eq. 9,C3: f <= F^delta; F^0=F^1=floor((K-1)/3); F^2=0,src/Simulator/Liu/ReferenceCore.py,_reference_tolerated_faults,f=0 in all fixtures — C3 always passes; F^PBFT=F^Zyzzyva=9 at K=28; F^Quorum=0,PAPER_EXACT,f=0 faulty nodes in fixture; C3 always passes; formulas verified
Eq10_state_space,Eq. 10,S(t) = [chi Upsilon x c R](t),src/Simulator/Liu/drl/state_encoder.py,StateEncoder.encode,micro DRL zero regret; N30 training 8000 steps 0 NaN,PAPER_EXACT structure; OUR_RECONSTRUCTION for encoding/normalization/N30 values,5-tuple structure from paper; dim=991 for N=30; specific normalization constants and tensor layout are OUR_RECONSTRUCTION
Eq11_action_space,Eq. 11,A(t) = [a delta S_B T_I](t),src/Simulator/Liu/drl/action_encoder.py,ActionEncoder.encode,3915-action domain enumerated; all 4 dimensions represented,PAPER_EXACT structure; OUR_RECONSTRUCTION for encoding/reduced domain,4-component action from paper; reduced to 435×9=3915 discrete actions; encoding is OUR_RECONSTRUCTION
Eq12_optimization_problem,Eq. 12,P1: max_A Q(S A) s.t. C1 C2 C3,src/Simulator/Liu/drl/dqn_agent.py,select_action (argmax over Q-values subject to constraints),policy evaluation — ep400 DQN beats random 16/16 and strong_fixed 16/16,PAPER_EXACT (objective/constraints); OUR_RECONSTRUCTION (Q-network architecture),Constraint satisfaction enforced by reward=0 when C1∧C2∧C3 fails; Q-network architecture is OUR_RECONSTRUCTION
Eq13_reward_function,Eq. 13,R(t) = Omega if C1∧C2∧C3 else 0,src/Simulator/Liu/liu_dynamic_env.py,StepResult.reward_des_liu_objective,training regression test; micro DRL zero-regret,PAPER_EXACT,Omega computed analytically; constraints evaluated via DES; reward_des_realized (actual DES throughput) is a separate diagnostic metric not used for training
Algorithm1_offline_phase,Algorithm 1 Steps 1-2,Offline DNN construction: load historical profiles into D; pre-train DNN,Not implemented,—,—,Not reproduced,Historical data generation process not specified by Liu; online-only RL used; Algorithm 1 offline phase explicitly absent
Algorithm1_online_phase,Algorithm 1 Steps 3-8,Online: epsilon-greedy; execute action; observe R and S'; store in D; mini-batch Bellman update; target network sync every G steps,src/Simulator/Liu/drl/dqn_agent.py,select_action; learn; replay_buffer,micro DRL zero regret (all 11 criteria A-K PASS); N30 training 0 NaN losses,PAPER_EXACT (online loop structure); OUR_RECONSTRUCTION (all hyperparameters),epsilon/gamma/G/architecture not specified; ε=1→0.05 over 7200 steps; G=50; gamma=0.90
TableI_parameters,Table I (page 7 right column PDF),Full parameter table: N=100 K=21 chi=200B stakes 1-50 cap 10-30GHz links 10-100Mbps Sdot=8MB Tdot=10s eta_s=0.2 eta_l=0.3 omega=6 alpha=2MHz/beta=1MHz M=3,src/Simulator/Liu/ReferenceCore.py,LiuReferenceParameters,Controlled sweep uses chi=200 eta_s=0.2 eta_l=0.3 omega=6; verified in all 2400 evaluations,Mixed (see individual rows),Table verified directly from PDF page 7 right column rendered image (2026-09-20); N/K OUR_RECONSTRUCTION; chi/eta_s/eta_l/omega PAPER_EXACT; alpha/beta PAPER_AMBIGUOUS
TableI_chi,Table I,chi = 200 B average transaction size,src/Simulator/Liu/ReferenceCore.py,LiuReferenceParameters.transaction_size_bytes = 200,controlled sweep Omega computations — all use chi=200,PAPER_EXACT,Verified directly from Table I PDF
TableI_N_K,Table I,N = 100 IIoT nodes; K = 21 block producers,experiments/liu_replication/drl/n30/train_n30.py,N=30 K=28 (reduced),all N30 experiments; C(30 28)=435 exhaustively enumerable,OUR_RECONSTRUCTION,"Paper: N=100/K=21; C(100,21)≈10^19 intractable. Used N=30/K=28 for exhaustive tractability; explicitly documented reduced environment"
TableI_stakes,Table I,Stake 1-50 token per node,experiments/liu_replication/drl/n30/train_n30.py,STAKES = (4.0 5.0 ... 13.0 cycling range 4-13),384/51 C1-valid/invalid split matches expected stake-gini distribution,OUR_RECONSTRUCTION,Range 4-13 is within paper 1-50 range; specific cycling assignment and narrower range are OUR_RECONSTRUCTION
TableI_capabilities,Table I,Computing resource 10-30 GHz per node,experiments/liu_replication/drl/n30/train_n30.py,CAPABILITIES = (10.0 11.0 ... 30.0 cycling),T_V computations use these values; plausible T_V range ~0.2-2ms confirmed,PAPER_EXACT range; OUR_RECONSTRUCTION assignment,Range 10-30 GHz taken directly from Table I; specific cycling assignment within range is OUR_RECONSTRUCTION
TableI_link_rates,Table I,Link rate R_n in [10 100] Mbps,experiments/liu_replication/drl/n30/train_n30.py; src/Simulator/Liu/LinkFSMC.py,FSMC levels LOW=10 MID=55 HIGH=100 Mbps,FSMC trajectory identity: 1920 hash comparisons 0 mismatches,PAPER_EXACT endpoints; OUR_RECONSTRUCTION for L=3 and intermediate 55 Mbps and transition matrix,Paper gives range 10-100 Mbps; endpoints are PAPER_EXACT; L=3 and 55 Mbps intermediate and diagonal=0.70 transition are OUR_RECONSTRUCTION
TableI_block_size_interval_limits,Table I,Block size limit Sdot=8 MB; max block interval Tdot=10 s,src/Simulator/Liu/Action.py,LiuAction.block_size_mb; LiuAction.block_interval_s,action domain respects Sdot and Tdot bounds,PAPER_EXACT,8 MB and 10 s limits from Table I; action domain curated within these limits
TableI_eta_omega,Table I,eta_s = 0.2; eta_l = 0.3; omega = 6,src/Simulator/Liu/ReferenceCore.py,LiuReferenceParameters.eta_s eta_l omega,controlled sweep C1/C2 evaluation all 2400 actions,PAPER_EXACT,Three scalar threshold values verified from Table I PDF
TableI_alpha_beta,Table I; Section III-B text,Table I shows alpha=2MHz/beta=1MHz; text says requiring alpha/beta/beta CPU cycles,src/Simulator/Liu/ReferenceCore.py,LiuReferenceParameters.alpha_cycles=2000000 beta_cycles=1000000,T_V computations produce plausible 0.2-2ms range for 10-30 GHz capabilities,PAPER_AMBIGUOUS,Text says 'CPU cycles'; Table I writes '2MHz/1MHz' (MHz notation is inconsistent with cycle-count meaning). Code treats as cycle counts 2e6 and 1e6. PAPER_AMBIGUOUS due to text-table conflict. Verified directly from Table I PDF image and page 5 text.
TableI_M_batch,Table I,M = 3 batch size (blocks per DRL epoch),Analytical: src/Simulator/Liu/AnalyticalPBFT.py; DES: M=1 per run_single_action call,M=3 in analytical; M=1 in DES,654 DES evaluations (218 actions × 3 link conditions): 0 C2 classification changes M=1 vs M=3,KNOWN_MISMATCH,Liu provides no operational definition for M>1 in a single DRL epoch; possible interpretations (sequential/simultaneous/pipelined) each yield different T_C; DES uses M=1; analytical retains M=3
PBFT_Appendix,Appendix B Eq. 15 region,PBFT 5-phase consensus: PRIMARY-PREPREPARE-PREPARE-COMMIT-REPLY; computational costs O^0_bp O^0_bi; T_D_0=(1/M)(t1+t2+t3+t4+t5); T_V_0=(1/M)max O^0_bk/c_bk,src/Simulator/Liu/AnalyticalPBFT.py; src/Simulator/Liu/LiuRuntime/LiuPBFTRuntime.py,PBFTAnalyticalModel.evaluate; LiuPBFTRuntime.run,PBFT controlled sweep: 680/800 DES feasible vs 603/800 paper (79 paper_fail/DES_pass all PBFT — M mismatch),PAPER_EXACT analytical with KNOWN_MISMATCH M=1 vs M=3; DES_OPERATIONAL_REALIZATION for event structure,5-phase DES: PRE-PREPARE PREPARE COMMIT REPLY with delivery and CPU delays; ProtocolFinalityRecord at REPLY quorum
Zyzzyva_fast_path,Appendix B Eq. 16,Zyzzyva fast path (f=0): O^1(1)_bp=Malpha+(2M+K-1)beta; O^1(1)_bi=Malpha+(M+1)beta; T_D_1(1)=(1/M)(t1+t2+t3),src/Simulator/Liu/LiuRuntime/LiuZyzzyvaRuntime.py,fast_path,Zyzzyva gate PASS; controlled sweep 688/800 DES vs 686/800 paper,PAPER_EXACT,Fast path: 3-phase protocol; all replicas honest
Zyzzyva_recovery_path,Appendix B Eq. 17,Zyzzyva recovery path (with f faulty): O^1(2)_bp=Malpha+(4M+K+f-1)beta; T_D_1(2)=(1/M)(t1+t2+t3+t_r+t4+t5); t_r referenced but not in Table I,src/Simulator/Liu/LiuRuntime/LiuZyzzyvaRuntime.py,recovery_path; LiuReferenceParameters.recovery_delay_s=0.05,Zyzzyva recovery gate PASS,PAPER_DERIVED; t_r OUR_RECONSTRUCTION,t_r=0.05s is OUR_RECONSTRUCTION (not in Table I); recovery path added 2 additional phases t4 and t5
Quorum_Appendix,Appendix B,Quorum: 2-phase Request-Reply; no primary; no batching (O^2_bk=alpha+2beta); T_D_2=t1+t2; F^2=0; block size in delivery (not M*S_B),src/Simulator/Liu/LiuRuntime/LiuQuorumRuntime.py,LiuQuorumRuntime.run,Quorum controlled sweep: 724/800 DES = 724/800 paper — exact agreement; F^2=0 confirmed,PAPER_DERIVED,2-phase DES; Quorum 'not able to support batching' (Appendix B); S_B used (not M*S_B) in delivery; F^2=0 means C3 requires f=0
ProtocolFinalityRecord,Not in paper; DES operational concept,Event marking blockchain consensus finality within DES epoch; determines end of T_C_DES measurement; distinguishes validator quorum commit from observer gossip propagation,src/Simulator/Utils/InstrumentationMetrics.py; src/Simulator/Liu/LiuRuntime/,ProtocolFinalityRecord; _run_to_height termination,POST_CLEANUP_LIU_SEMANTICS_PRESERVED: PASS (14/18 old-C2-FAIL → C2-PASS after fix); controlled sweep paper_pass∧DES_fail=0,DES_OPERATIONAL_REALIZATION,Critical: C2 evaluated at first ProtocolFinalityRecord (validator quorum commits); observer gossip delay does NOT determine C2; fixing this was the C2 semantic correction that required clean retrain
C2DeadlineExceeded,Eq. 6/8 semantics; DES operational event,DES event fired when boundary_time + omega*T_I is reached before ProtocolFinalityRecord; authoritative Liu C2 failure,src/Simulator/Liu/LiuRuntime/; src/Simulator/Liu/liu_dynamic_env.py,C2DeadlineExceeded event; StepResult.constraint_violations,controlled_full_summary.json — 2400 evaluations; n30_seed42_policy_evaluation.json — C2_pass by policy,PAPER_EXACT condition; DES_OPERATIONAL_REALIZATION event,Not to be confused with DESQueueExhausted (runtime guard) or RUNTIME_GUARD_FAILURE; C2DeadlineExceeded is the valid Liu C2 failure; ep400: 86/320 steps C2_DEADLINE_EXCEEDED
DESQueueExhausted,Not in paper; implementation guard,DES event queue exhausted before protocol finality; fires PBFT timeout-backoff cap; OUR_RECONSTRUCTION guard — not a Liu C2/C3 constraint,src/Simulator/Liu/LiuRuntime/LiuPBFTRuntime.py; src/Simulator/Engine/Scheduler.py,DESQueueExhausted; max_events guard; RUNTIME_GUARD_FAILURE,n30_seed42_policy_evaluation.json — ep400: 9/320 RGF; random: 16/320; strong_fixed: 11/320,KNOWN_DES_RUNTIME_GUARD_LIMITATION; OUR_RECONSTRUCTION,PBFT view-change retries under degraded links can exhaust event queue; timeout-backoff cap is OUR_RECONSTRUCTION; classified RUNTIME_GUARD_FAILURE; not interpreted as Liu C2/C3 violation; ep400 fewer RGF than both baselines (not DQN-specific)
M_mismatch,Table I (M=3) vs DES operationalization,Analytical model uses M=3 (Table I); DES uses M=1 per run_single_action epoch; operational definition for M>1 epochs not specified by Liu,Analytical: src/Simulator/Liu/AnalyticalPBFT.py; DES: src/Simulator/Liu/LiuRuntime/,M parameter in O^0_bp/O^0_bi formulas; M=1 in DES epoch loop,654 DES evaluations (218 actions × 3 link conditions): 0 C2 classification changes — fixture-specific,KNOWN_MISMATCH,Sensitivity evidence is fixture-specific; does not claim M is universally irrelevant; analytical M=3 retained; DES M=1 retained; both documented in all artifacts
FSMC_reconstruction,Section III-B Markov channel text; Liu specifies FSMC structure only,R(t) evolves as finite-state Markov chain with L levels r={r_1...r_L}; L/levels/transition matrix not given,src/Simulator/Liu/LinkFSMC.py,LinkFSMCState.advance; FSMC_TRANSITION_MATRIX; FSMC_LEVELS={10 55 100} Mbps,FSMC trajectory identity: 1920 hash comparisons 0 mismatches; all 4 policies face identical link sequences,PAPER_EXACT structure; OUR_RECONSTRUCTION params,Liu specifies FSMC structure; L=3 / {10 55 100} Mbps / diagonal=0.70 transition are OUR_RECONSTRUCTION; virtually every training episode encounters 10 Mbps (all 870 directed links may degrade)
N30_K28_reduction,Table I (N=100 K=21),Paper uses N=100/K=21; C(100 21)≈10^19 intractable for exhaustive evaluation,experiments/liu_replication/drl/n30/train_n30.py,N=30 K=28; C(30 28)=435,all N30 experiments; 435-set exhaustive enumeration; 384/51 C1-valid/invalid,OUR_RECONSTRUCTION,N=30/K=28 chosen to make C1-validity of all sets exhaustively computable; paper's N=100/K=21 is intractable; explicitly documented reduced environment; not a scaled reproduction
DRL_action_domain_reduction,Eq. 11 (continuous S_B T_I; combinatorial a),Paper action space is continuous in S_B/T_I and combinatorial in a; 3915-action curated subset preserves all 4 action dimensions at tractable scale,experiments/liu_replication/drl/reduced_action_domain.csv,9 (protocol S_B T_I) configs × 435 validator sets = 3915 actions,oracle_paper_reference.json — GOOD: 3456/3915 feasible; MEDIUM: 3456/3915; POOR: 0/3915,DES_OPERATIONAL_REALIZATION,9 configs curated to span high/medium/exploratory Omega regions; S_B and T_I are discrete; paper's continuous space is approximated
DRL_architecture,Algorithm 1 (Q(S A) ε-greedy argmax D Bellman target-network); architecture not specified,DNN architecture width layers activation replay-size ε-schedule γ G not specified by Liu,src/Simulator/Liu/drl/q_network.py; dqn_agent.py,CandidateConditionedQNetwork [256 128] MLP ReLU scalar; DQNAgent,micro DRL zero-regret (all 11 A-K PASS); N30 0 NaN losses; discriminative Q-values across all states,PAPER_EXACT (online loop concept); OUR_RECONSTRUCTION (all implementation details),State+Action concatenated (dim=1026 for N=30) → [256 128] → scalar Q; global argmax over all 3915 actions per step
validator_reduction,Not directly in paper; operational consequence of N30,C(30 28)=435 enables exhaustive C1-validity classification; all 384 valid sets reward-equivalent within each (delta S_B T_I) config,experiments/liu_replication/drl/n30/oracle_paper_reference.json,384 C1-valid / 51 C1-invalid validator sets; oracle_paper_reference computation,validator_selection_verification.json — 384/51 confirmed; N30 eval ep400 C1-valid 319/320 (99.7%),DES_OPERATIONAL_REALIZATION,DQN learns static C1 feasibility (avoid 51 invalid sets); no state-dependent validator ranking expected or observed; all 384 valid sets are reward-equivalent per config
seed42_training,OUR_RECONSTRUCTION (training budget/schedule not in Liu),400 episodes × 20 steps = 8000 steps; clean run required after C2 semantic fix quarantined contaminated pre-finality-fix training,experiments/liu_replication/drl/n30/episode_log_seed42_clean.csv; clean_run_manifest_seed42.json,train_n30.py:train_one_seed; seed=42 run_tag=clean,pilot_gate_seed42_clean.json — 8000 steps 59.1% feasible 0 NaN; clean_run_manifest_seed42.json,OUR_RECONSTRUCTION,8000 steps; 59.1% feasibility due to FSMC reconstruction (0/3915 feasible at 10 Mbps); ~7.6 hours wall time; 0 NaN losses; 8 checkpoints
seed42_final_evaluation,Not in paper (evaluation protocol OUR_RECONSTRUCTION),Greedy (ε=0) policy evaluation: 4 eval seeds × 4 initial states = 16 trajectories × 20 steps = 320 steps per policy; FSMC trajectory identity required,experiments/liu_replication/drl/n30/n30_seed42_policy_evaluation.json,eval_n30_seed42.py; PolicyEvaluationResult,n30_seed42_policy_evaluation.json authoritative; baseline_technically_complete.json summary,OUR_RECONSTRUCTION (eval protocol); DES operational results,ep400 cumulative=2716500 feasible=225/320 (70.3%); random=1594633 feasible=147/320; strong_fixed=476000 feasible=28/320; ep400 beats both baselines 16/16 trajectories
ep400_vs_strong_fixed_paired_diff,OUR_RECONSTRUCTION (comparison not in paper),ep400 DQN vs strong_fixed baseline per-trajectory cumulative reward difference; mean over 16 trajectories,experiments/liu_replication/drl/n30/n30_seed42_policy_evaluation.json,paired_comparisons.ep400_vs_strong_fixed.summary.mean_paired_diff,n30_seed42_policy_evaluation.json — sum of 16 diffs = 2240500 / 16 = 140031.25,OUR_RECONSTRUCTION,Canonical value: 140031.25 (verified from 16 trajectory diffs totaling 2240500). An earlier artifact recorded 122792 — corrected to 140031 in all authoritative outputs as of 2026-09-20.
ep400_vs_random_paired_diff,OUR_RECONSTRUCTION (comparison not in paper),ep400 DQN vs random baseline per-trajectory cumulative reward difference; mean over 16 trajectories,experiments/liu_replication/drl/n30/n30_seed42_policy_evaluation.json,paired_comparisons.ep400_vs_random.summary.mean_paired_diff,n30_seed42_policy_evaluation.json,OUR_RECONSTRUCTION,Canonical value: 70117 (from evaluation JSON); ep400 wins 16/16 trajectories
micro_drl_validation,OUR_RECONSTRUCTION (micro DRL environment; ground-truth validation protocol not in Liu),N=6/K=4/180-action exhaustive ground-truth DRL validation; 3 seeds × 150 episodes; all 11 criteria A-K PASS,experiments/liu_replication/drl/micro/evaluation_summary.json; train_micro.py; micro_env.py; exhaustive_gt.py,DRL_MICRO_GROUND_TRUTH_VERIFIED gate,evaluation_summary.json — zero regret GOOD/MEDIUM/POOR for all seeds,OUR_RECONSTRUCTION (environment and protocol); PAPER_EXACT (DRL algorithm components),Validates DRL infrastructure (state/action encoding; Q-network; ε-greedy; replay; Bellman); state dim=55 (vs 991 for N30); action space=180 (vs 3915); not a claim about N30 scalability
controlled_sweep_2400,OUR_RECONSTRUCTION (experiment design; N=100/K=21 paper fixture),Fixed-population 2400-action sweep: 3 protocols × 40 block sizes × 20 block intervals; analytical and DES C2 both evaluated,experiments/liu_replication/controlled_sweep/controlled_full_summary.json,controlled_sweep.py; LiuPaperReferenceRecord; DES evaluation,controlled_full_summary.json — paper_pass∧DES_fail=0; paper_fail∧DES_pass=79 (all PBFT M-mismatch),DES_OPERATIONAL_REALIZATION,N=100/K=21/f=0 fixture; paper_pass∧DES_fail=0 confirms DES at least as restrictive as Liu for C2; 79 paper_fail/DES_pass = KNOWN_MISMATCH M=1 vs M=3
M_sensitivity_654,OUR_RECONSTRUCTION (sensitivity experiment),218 actions × 3 link conditions = 654 DES evaluations; compare C2 classification M=1 vs M=3; 0 C2 changes,experiments/liu_replication/controlled_sweep/m_sensitivity.json,m_sensitivity.py,0/654 C2 changes — KNOWN_MISMATCH retained with fixture-specific insensitivity evidence,OUR_RECONSTRUCTION,Evidence is fixture-specific; does not claim M is universally irrelevant; supports KNOWN_MISMATCH classification rather than claiming M=3 DES required
contaminated_pre_finality_fix_run,OUR_RECONSTRUCTION (training corruption audit),Pre-C2-fix seed-42 training contaminated by false C2 failures from observer gossip delay; 14/18 (78%) representative cases became C2-PASS after fix; old checkpoints quarantined,experiments/liu_replication/drl/n30/contaminated_pre_finality_fix/,pre-fix checkpoints; audit_cases.json,audit: 14/18 old-C2-FAIL → C2-PASS under corrected semantics,OUR_RECONSTRUCTION (audit methodology),Demonstrates methodological rigor; C2 bug formally detected via gate criteria; clean retrain required; contaminated checkpoints preserved and labeled NON_AUTHORITATIVE
geo_gini_N30_constant,OUR_RECONSTRUCTION (fixture consequence),geo_gini = 0.1000 for all 435 validator sets at N=30/K=28 fixture; C1 geo always passes eta_l=0.3,src/Simulator/Liu/ContinuousSpatial.py; ReferenceCore.py,geographic_gini_eq3; geo_gini computation,validator_selection_verification.json — geo_gini=0.1000 constant confirmed all 435 sets,PAPER_EXACT integral; DES_OPERATIONAL_REALIZATION (fixture consequence),Consequence of 5×6 regular grid positions at N=30/K=28; C1 validity entirely determined by stake gini for this fixture
lambda_reconstruction,Eq. 3 (references lambda(x) spatial intensity),Liu references inhomogeneous Poisson process with spatial intensity lambda(x) but does not specify its form,src/Simulator/Liu/ContinuousSpatial.py,planar_gradient_intensity; geographic_gini_eq3,geo_gini=0.1000 constant for all 435 sets — plausible for regular grid,OUR_RECONSTRUCTION,Eq. 3 integral form is PAPER_EXACT; lambda(x) form is OUR_RECONSTRUCTION; planar gradient model chosen for tractability and physical plausibility
reward_semantics_correction,Eq. 13; development artifact,Corrected reward from finalized_tx/(T_I+T_C_DES) (actual DES throughput) to Omega=floor(S_B/chi)/T_I if DES-C1∧C2∧C3 else 0 (Liu objective),src/Simulator/Liu/liu_dynamic_env.py,StepResult.reward_des_liu_objective,regression test; training reward signal correct in all post-correction runs,PAPER_EXACT (after correction),Old formulation had T_C_DES in both objective and C2; Liu Eq. 13 uses analytical Omega as reward not actual throughput; correction documented in experiments/liu_replication/controlled_sweep/reward_semantics.md
